"Gene","EffectSize","Avg","t_stat","p.value","q.value","log_odds","min_samples","p.left","p.right","q.left","q.right"
"Bleomycin (50 uM) (1378)",0.152091209300463,0.646766501474926,4.29988620271347,2.27829489475847e-05,0.00606026442005752,1.99880537750219,153,0.999988608525526,1.13914744737923e-05,0.999988608525526,0.00303013221002876
"SN-38 (1494)",0.109533776839766,0.664073456896552,4.05251074031624,6.34181063899903e-05,0.00843460814986871,1.01492150151248,157,0.999968290946805,3.17090531949951e-05,0.999988608525526,0.00421730407493435
"Nutlin-3a (-) (1047)",0.0518823179549124,0.925218421568627,3.76190908459005,0.000204711637456929,0.0140293610508849,-0.00480858758517755,144,0.999897644181272,0.000102355818728465,0.999988608525526,0.00701468052544247
"Tanespimycin (1026)",0.10400986440629,0.766173990196078,3.75399829034965,0.000210967835351653,0.0140293610508849,-0.0329086932384985,144,0.999894516082324,0.000105483917675827,0.999988608525526,0.00701468052544247
"Lestaurtinib (1024)",0.0884525036525181,0.69314028990228,3.43413587080518,0.00068252216124777,0.0363101789783814,-1.14538900753445,142,0.999658738919376,0.000341261080623885,0.999988608525526,0.0181550894891907
"Daporinad (1248)",0.161418584429856,0.49450903343465,3.3299939952237,0.000974491094369723,0.0432024385170577,-1.50174426968222,150,0.999512754452815,0.000487245547184862,0.999988608525526,0.0216012192585289
"Talazoparib (1259)",0.0939297593778004,0.801008544642857,3.10131864060712,0.00210158163936546,0.0798601022958874,-2.21653678675163,151,0.998949209180317,0.00105079081968273,0.999988608525526,0.0399300511479437
"Ispinesib Mesylate (208)",0.0623875963395137,0.828443052478134,3.0361056640797,0.00259294156005945,0.0862153068719767,-2.42976262384703,149,0.99870352921997,0.00129647078002972,0.999988608525526,0.0431076534359884
"LFM-A13 (192)",-0.0115817055784166,0.965458138461538,-2.97725993188289,0.00314246923287571,0.0864434531071757,-2.57677609738104,140,0.00157123461643786,0.998428765383562,0.41794840797247,0.998428765383562
"SNX-2112 (328)",0.094767742579391,0.63427819005848,2.96546053144018,0.00324975387620961,0.0864434531071757,-2.63368543448579,148,0.998375123061895,0.00162487693810481,0.999988608525526,0.0480241406150976
"ICL1100013 (1266)",0.0928798210579294,0.699704851190476,2.90975413392942,0.00387569577345992,0.0937213705218491,-2.77382100260766,151,0.99806215211327,0.00193784788672996,0.999988608525526,0.051546753787017
"Cytarabine (1006)",0.0713931404831989,0.776949419672131,2.67166166152469,0.00798392094793248,0.172920310617771,-3.38113113719777,141,0.996008039526034,0.00399196047396624,0.999988608525526,0.0936651682512926
"TW 37 (1149)",0.0638962127837245,0.582271020895522,2.65030660318162,0.00845099262417678,0.172920310617771,-3.47650611743093,147,0.995774503687912,0.00422549631208839,0.999988608525526,0.0936651682512926
"Linsitinib (185)",-0.0436774174724156,0.914802621538462,-2.61041294152277,0.00949328490796979,0.179514966597672,-3.55901619300543,141,0.0047466424539849,0.995253357546015,0.488242779944038,0.998428765383562
"BX795 (1037)",0.0363867132344637,0.868987980392157,2.58889840971884,0.0101230244321995,0.179514966597672,-3.5703481319208,144,0.9949384877839,0.00506151221609977,0.999988608525526,0.103566326883272
"VX-702 (1028)",-0.0140235913778461,0.972232396721311,-2.48381255806183,0.0135758637677321,0.225698735138546,-3.85137783037679,141,0.00678793188386604,0.993212068116134,0.488242779944038,0.998428765383562
"Z-LLNle-CHO (45)",-0.0590954847161571,0.822648159090909,-2.20637225516901,0.0293679867635512,0.279720682893357,-3.97337717814624,46,0.0146839933817756,0.985316006618224,0.488242779944038,0.998428765383562
"CX-5461 (300)",0.060349554706036,0.843770794721408,2.40479647757605,0.0167514056261126,0.262110229208585,-4.0981736906074,149,0.991624297186944,0.0083757028130563,0.999988608525526,0.15913835344807
"NSC-87877 (147)",0.0109205281380458,0.971333270516717,2.37488969987258,0.0181690066568949,0.268497542818558,-4.14488122896835,145,0.990915496671553,0.00908450332844746,0.999988608525526,0.161098525691135
"Etoposide (134)",0.0778662909503296,0.68308837993921,2.34326791399946,0.019754272397535,0.268849417629223,-4.21497439191575,145,0.990122863801232,0.0098771361987675,0.999988608525526,0.16420738930451
"Dactolisib (1057)",0.0543714487733238,0.721347646864686,2.2974207722788,0.0223279603882006,0.269965339239153,-4.25531303762744,142,0.9888360198059,0.0111639801941003,0.999988608525526,0.174683454801805
"VNLG/124 (271)",-0.0249323626747773,0.965105505882353,-2.33408707734842,0.0202142419270092,0.268849417629223,-4.26180533999002,148,0.0101071209635046,0.989892879036495,0.488242779944038,0.998428765383562
"PFI-3 (1530)",-0.00733422084421083,0.975633025396825,-2.29919581048083,0.0221979219289403,0.269965339239153,-4.2790877061825,142,0.0110989609644702,0.98890103903553,0.488242779944038,0.998428765383562
"Bexarotene (186)",-0.0279077966707157,0.937070398148148,-2.27037352915274,0.0238899076182942,0.276291975063751,-4.37439105462673,140,0.0119449538091471,0.988055046190853,0.488242779944038,0.998428765383562
"OSU-03012 (167)",0.0440913328216074,0.748954679012346,2.2372863358755,0.0259976765045984,0.277923692251283,-4.44897081170228,140,0.987001161747701,0.0129988382522992,0.999988608525526,0.192093943061755
"AZD8055 (1059)",0.0414462799763116,0.766010412541254,2.20075235664386,0.0285649404533639,0.279720682893357,-4.46725078869826,142,0.985717529773318,0.0142824702266819,0.999988608525526,0.19580447802535
"Zibotentan (266)",-0.00361899606684457,0.981847372093023,-2.23474104625012,0.0261206477679777,0.277923692251283,-4.48769296039137,150,0.0130603238839889,0.986939676116011,0.488242779944038,0.998428765383562
"CCT-018159 (1170)",0.0188526773529153,0.908996367781155,2.18768988978492,0.0294442824098271,0.279720682893357,-4.5634984163136,145,0.985277858795086,0.0147221412049135,0.999988608525526,0.19580447802535
"ZM447439 (1050)",0.0262055989321194,0.902501952861953,2.13965502960913,0.0332606204797601,0.290831914619716,-4.57969020652653,142,0.98336968976012,0.01663031023988,0.999988608525526,0.201075569264004
"Lapatinib (119)",-0.023638314893617,0.960495900763359,-1.85938491114132,0.0655806223063283,0.387654345188518,-4.62145064994719,46,0.0327903111531641,0.967209688846836,0.726851897228472,0.998428765383562
"Vismodegib (1033)",-0.00874110070343656,0.969914222222222,-2.12412778007594,0.034521325771371,0.290831914619716,-4.6600394415173,141,0.0172606628856855,0.982739337114314,0.510148480843594,0.998428765383562
"Foretinib (308)",0.0459320383060477,0.686909139534884,2.15267976759579,0.0320871428806012,0.290831914619716,-4.66398498311451,150,0.983956428559699,0.0160435714403006,0.999988608525526,0.201075569264004
"Docetaxel (1007)",0.0452594354329313,0.792374578431373,2.11863514151741,0.0349872979993643,0.290831914619716,-4.67144175085846,141,0.982506351000318,0.0174936489996821,0.999988608525526,0.202043665499236
"Temsirolimus (1016)",0.0545770260804699,0.791551196013289,2.07734321307737,0.0386822939280492,0.303065498248854,-4.74232151285784,140,0.980658853035975,0.0193411469640246,0.999988608525526,0.202043665499236
"Vinblastine (1004)",0.0569740495647108,0.636866081433225,2.07513598200128,0.0388687137934743,0.303065498248854,-4.76060981766357,142,0.980565643103263,0.0194343568967371,0.999988608525526,0.202043665499236
"Gemcitabine (135)",0.0991824603100872,0.525700578947368,2.06244047966243,0.0400244658145858,0.303065498248854,-4.8149742280495,139,0.979987767092707,0.0200122329072929,0.999988608525526,0.202043665499236
"Pevonedistat (1529)",0.0405548911216045,0.856261721374046,1.97923389531044,0.048933989360673,0.342537925524711,-4.86065153625782,120,0.975533005319663,0.0244669946803365,0.999988608525526,0.224421399481707
"Phenformin (196)",0.0548950422471983,0.730399642011834,2.05177212790858,0.0410163832216494,0.303065498248854,-4.8647646930818,149,0.979491808389175,0.0205081916108247,0.999988608525526,0.202043665499236
"5-Fluorouracil (179)",0.0471452271732812,0.806267082111437,2.03436538431765,0.0427423792494623,0.307283050820458,-4.90283512469728,149,0.978628810375269,0.0213711896247311,0.999988608525526,0.203026301434946
"YK-4-279 (1239)",0.0374321537819905,0.764096657718121,1.91504858742448,0.0565209006392182,0.357965704048382,-5.0406203979178,133,0.971739549680391,0.0282604503196091,0.999988608525526,0.242492896290839
"Bicalutamide (1502)",-0.00679867906852284,0.972023090062112,-1.93180735021747,0.0543257768646,0.35374936728982,-5.05583732762178,147,0.0271628884323,0.9728371115677,0.656848029362891,0.998428765383562
"Mitomycin-C (136)",0.0633717889708355,0.399487561349693,1.93010136003321,0.054525278416852,0.35374936728982,-5.07754354579328,141,0.972737360791574,0.027262639208426,0.999988608525526,0.24172873431471
"Seliciclib (110)",-0.0236820590425532,0.931493442748092,-1.57442591439886,0.118191989703586,0.538534449332562,-5.08538613472428,46,0.0590959948517929,0.940904005148207,0.850317551577729,0.998428765383562
"FR-180204 (263)",-0.0118082138942627,0.961359811046512,-1.9381141009813,0.0534839822666743,0.35374936728982,-5.09459546505592,150,0.0267419911333371,0.973258008866663,0.656848029362891,0.998428765383562
"SB52334 (304)",0.0208523245652109,0.930867944767442,1.88725711075931,0.0600258181288105,0.371322502843339,-5.19019643952537,150,0.969987090935595,0.0300129090644052,0.999988608525526,0.249482306597868
"Erlotinib (1)",-0.0301679623365878,0.955164974789916,-1.41785683849776,0.159319395585779,0.642105442815413,-5.19813714913878,43,0.0796596977928896,0.92034030220711,0.948999616277136,0.994794071154483
"GSK269962A (1192)",0.0345702520586579,0.869409388888889,1.85085183440932,0.0651130951095819,0.387654345188518,-5.24049286991203,155,0.967443452445209,0.0325565475547909,0.999988608525526,0.262425504532557
"Dabrafenib (1373)",0.0399316366161508,0.894498906542056,1.82426970129262,0.0691068997439501,0.397873075696741,-5.25154870265167,144,0.965446550128025,0.034553449871975,0.999988608525526,0.267143350824955
"Elesclomol (1031)",0.0582973837730936,0.674793504885994,1.80286412813514,0.0724631853535158,0.401566818834067,-5.27802213233159,142,0.963768407323242,0.0362315926767579,0.999988608525526,0.267711212556044
"TAK-715 (221)",0.0165820463809192,0.921531825581395,1.81600138459371,0.0703008817960407,0.397873075696741,-5.3253357490463,149,0.96484955910198,0.0351504408980204,0.999988608525526,0.267143350824955
"Belinostat (274)",0.0512924045436069,0.488312665671642,1.7840548082418,0.0753843047139916,0.409229082733097,-5.36699090414652,147,0.962307847643004,0.0376921523569958,0.999988608525526,0.270976014242186
"QL-XII-61 (1203)",0.0265723097623121,0.933285096385542,1.56004985679919,0.120947634483934,0.538534449332562,-5.38558538957294,80,0.939526182758033,0.0604738172419668,0.999988608525526,0.39374131716196
"Parthenolide (89)",0.0276624629999999,0.934349265151515,1.35865975931482,0.17694362537004,0.653708393728204,-5.38975831251394,48,0.91152818731498,0.0884718126850201,0.999988608525526,0.468847204325378
"Bryostatin 1 (197)",-0.00888000884753175,0.965460552469136,-1.7135379833348,0.0876373886113854,0.466230907412571,-5.46496309365789,140,0.0438186943056927,0.956181305694307,0.822545396162388,0.998428765383562
"Veliparib (1018)",-0.0067741442457228,0.9754335,-1.6926791605122,0.0916104856927873,0.477811552829048,-5.46679708219357,142,0.0458052428463937,0.954194757153606,0.822545396162388,0.998428765383562
"JW-7-52-1 (83)",-0.0881455014703609,0.605339784615385,-1.24292243540644,0.216498985889584,0.683263462521311,-5.50494765449054,43,0.108249492944792,0.891750507055208,0.948999616277136,0.978049923781461
"KU-55933 (1030)",-0.0108198423444329,0.949361437908497,-1.64984340728508,0.100077750513418,0.492975585862391,-5.51343624895357,144,0.0500388752567089,0.949961124743291,0.822545396162388,0.998428765383562
"Bicalutamide (150)",-0.00232099079996734,0.983461972307692,-1.67899797937576,0.0941843134875536,0.481788988224793,-5.52214163753656,141,0.0470921567437768,0.952907843256223,0.822545396162388,0.998428765383562
"Sorafenib (30)",0.0435775186701922,0.900185776119403,1.2269593494056,0.222328579822894,0.683263462521311,-5.5533384061322,48,0.888835710088553,0.111164289911447,0.999988608525526,0.503762044401305
"CGP-60474 (53)",-0.0426322998544397,0.759551,-1.23205783607993,0.220469182764115,0.683263462521311,-5.56087600613912,46,0.110234591382058,0.889765408617942,0.948999616277136,0.978049923781461
"CAY10603 (276)",0.0414394934692033,0.572989873900293,1.66166677259158,0.0975628722059812,0.489655169939453,-5.58008482510391,149,0.951218563897009,0.0487814361029906,0.999988608525526,0.341470052720934
"GSK319347A (91)",-0.00593230099999999,0.980189568181818,-1.19336474159445,0.235210534363933,0.691859180403718,-5.59222160514498,48,0.117605267181966,0.882394732818034,0.948999616277136,0.978049923781461
"CCT007093 (1067)",-0.00650807409766692,0.971924939393939,-1.62522969870715,0.105137381464365,0.499402561955736,-5.60333587460809,148,0.0525686907321827,0.947431309267817,0.822545396162388,0.998428765383562
"CUDC-101 (273)",0.0442626435889905,0.597851451327434,1.63864299169577,0.102280636702997,0.494666352054496,-5.61439105960118,148,0.948859681648501,0.0511403183514987,0.999988608525526,0.348803196961504
"JNK Inhibitor VIII (1043)",-0.00502269391557249,0.974549941176471,-1.55325149950791,0.121473935939676,0.538534449332562,-5.6656080442917,144,0.0607369679698378,0.939263032030162,0.850317551577729,0.998428765383562
"Rapamycin (3)",-0.071845862463663,0.790574008196721,-1.07546954358175,0.284636484305719,0.747661874579527,-5.70734633703533,43,0.14231824215286,0.85768175784714,0.948999616277136,0.978049923781461
"BAY-61-3606 (178)",0.0288643671863807,0.836809027607362,1.55335860595728,0.12137890228301,0.538534449332562,-5.72296898412323,141,0.939310548858495,0.060689451141505,0.999988608525526,0.39374131716196
"NVP-TAE684 (35)",-0.0487004190402213,0.839248955882353,-1.07666481508874,0.283831793819852,0.747661874579527,-5.73833663318154,48,0.141915896909926,0.858084103090074,0.948999616277136,0.978049923781461
"SB590885 (1061)",0.0128884599493657,0.962892087542088,1.48854906374927,0.137749052370048,0.600676195580865,-5.74765671404754,139,0.931125473814976,0.068874526185024,0.999988608525526,0.436205332505152
"BMS-536924 (62)",-0.0486867373855901,0.834498729323308,-1.03042275434048,0.304979395525655,0.772614468664992,-5.78092833055068,46,0.152489697762827,0.847510302237173,0.948999616277136,0.978049923781461
"Pazopanib (199)",0.0236755308966604,0.914883350769231,1.45897224031795,0.145609609738568,0.614924012074257,-5.86284176175165,141,0.927195195130716,0.0728048048692841,0.999988608525526,0.440229690462252
"CGP-082996 (54)",-0.0147036302765648,0.926869462121212,-0.943511195355921,0.347419930490755,0.780011160573348,-5.8636502380317,46,0.173709965245377,0.826290034754623,0.948999616277136,0.978049923781461
"JNK-9L (157)",0.0302259996809215,0.617802218844985,1.45881303066449,0.145639897596534,0.614924012074257,-5.86697099800783,145,0.927180051201733,0.0728199487982672,0.999988608525526,0.440229690462252
"TGX221 (94)",-0.016418771,0.949080174242424,-0.901996971649884,0.368965171636417,0.780011160573348,-5.88660836728511,48,0.184482585818208,0.815517414181792,0.948999616277136,0.978049923781461
"Entinostat (88)",-0.0433409180317297,0.748418201492537,-0.89253068801982,0.373961021496308,0.780011160573348,-5.8950386807539,47,0.186980510748154,0.813019489251846,0.948999616277136,0.978049923781461
"Avagacestat (1072)",-0.00878745445835671,0.961228457831325,-1.43419577805888,0.152525296427389,0.633933263276335,-5.89654433867129,149,0.0762626482136945,0.923737351786305,0.948999616277136,0.994794071154483
"WZ-1-84 (59)",-0.0171460131004367,0.947432636363636,-0.883006462697855,0.379095816401129,0.780011160573348,-5.91712963058095,46,0.189547908200564,0.810452091799436,0.948999616277136,0.978049923781461
"Tozasertib (32)",0.0536659219562952,0.807873170542636,0.868216688912612,0.387153926259951,0.780011160573348,-5.92922624619376,46,0.806423036870024,0.193576963129976,0.999988608525526,0.653911819373417
"Masitinib (292)",0.0212987224146186,0.885257409883721,1.4245934522137,0.155244079050015,0.635306538881601,-5.94514750051555,151,0.922377960474992,0.0776220395250076,0.999988608525526,0.458832500303378
"Midostaurin (153)",0.0182708818963996,0.888256421212121,1.3991206177351,0.162784011384573,0.646231201299429,-5.95197318200037,145,0.918607994307713,0.0813920056922865,0.999988608525526,0.462830838585101
"(5Z)-7-Oxozeaenol (1242)",0.0333680317522646,0.676332851190476,1.39103053321522,0.16520196123444,0.646231201299429,-5.96275301695448,154,0.91739901938278,0.0826009806172202,0.999988608525526,0.462830838585101
"IPA-3 (176)",0.0234430433220276,0.864433236923077,1.375806527481,0.169898628055837,0.647963174019142,-5.97943118827387,141,0.915050685972082,0.0849493140279183,0.999988608525526,0.462830838585101
"PLX-4720 (1036)",0.0146104457927447,0.943007790163934,1.32898412722932,0.184921013421294,0.653918469190658,-5.9840635013695,143,0.907539493289353,0.0924605067106468,0.999988608525526,0.468847204325378
"Crizotinib (37)",0.0166390809461035,0.952068205882353,0.801424303914418,0.424500922988379,0.780011160573348,-5.98841641692389,48,0.78774953850581,0.21225046149419,0.999988608525526,0.653911819373417
"Imatinib (34)",0.0223802922829175,0.961721481751825,0.798721683117714,0.426046955328645,0.780011160573348,-5.99069306267771,48,0.786976522335677,0.213023477664323,0.999988608525526,0.653911819373417
"CHIR-99021 (154)",-0.0084698155700607,0.964755844984802,-1.35579076061096,0.176163167297613,0.653708393728204,-6.0101033800044,145,0.0880815836488064,0.911918416351194,0.948999616277136,0.990082852038439
"Genentech Cpd 10 (225)",0.0280804085824361,0.824374938953488,1.3736183473111,0.170516624741879,0.647963174019142,-6.02109497865618,149,0.91474168762906,0.0852583123709397,0.999988608525526,0.462830838585101
"Bleomycin (190)",0.0605508617158379,0.524032179566563,1.33669212826474,0.182330239173853,0.653918469190658,-6.02676086179803,140,0.908834880413074,0.0911651195869263,0.999988608525526,0.468847204325378
"Bortezomib (104)",-0.0407279019999999,0.635464462121212,-0.723379655067924,0.470932140408203,0.794838559857247,-6.02716794339409,47,0.235466070204101,0.764533929795899,0.948999616277136,0.978049923781461
"Tipifarnib (204)",0.0396169525867425,0.707050298461538,1.32300010898244,0.186833848340188,0.653918469190658,-6.04989497830268,140,0.906583075829906,0.0934169241700941,0.999988608525526,0.468847204325378
"Paclitaxel (11)",-0.0404624775874208,0.706529804511278,-0.708200217464482,0.480257573752163,0.800377857075729,-6.05216194054303,46,0.240128786876081,0.759871213123918,0.953347124015488,0.978049923781461
"Selisistat (341)",-0.0022455637324615,0.980492176470588,-1.33413220848095,0.183116027567427,0.653918469190658,-6.06424352158113,148,0.0915580137837134,0.908441986216287,0.948999616277136,0.990082852038439
"HG-5-88-01 (1143)",-0.0216892696371169,0.90554175,-1.05976202528353,0.290915351171295,0.747661874579527,-6.07394129055082,82,0.145457675585648,0.854542324414352,0.948999616277136,0.978049923781461
"S-Trityl-L-cysteine (41)",0.0257290407569143,0.780281333333333,0.667186596506715,0.506004671449487,0.820714893936363,-6.07935681846986,46,0.746997664275257,0.253002335724743,0.999988608525526,0.70102730523731
"Selumetinib (1062)",-0.0239338792111372,0.91566643877551,-1.23083759541057,0.219444130345367,0.683263462521311,-6.08698671234541,139,0.109722065172684,0.890277934827316,0.948999616277136,0.978049923781461
"Dasatinib (51)",-0.0488484978165936,0.801866923076923,-0.653663567917315,0.514671886870692,0.822345834527901,-6.08800649987609,46,0.257335943435346,0.742664056564654,0.954031034096539,0.978049923781461
"A-443654 (86)",-0.0267106899563318,0.750460977272727,-0.639720592306889,0.523641093902612,0.822345834527901,-6.09679150570563,46,0.261820546951306,0.738179453048694,0.954031034096539,0.978049923781461
"Wee1 Inhibitor (1046)",-0.00988089654136378,0.947339021052632,-1.18568585304799,0.236813660427434,0.691859180403718,-6.10708328914878,139,0.118406830213717,0.881593169786283,0.948999616277136,0.978049923781461
"Doxorubicin (133)",0.041225618715051,0.623332990797546,1.27016240770726,0.204999015140601,0.683263462521311,-6.11759018517786,141,0.897500492429699,0.102499507570301,0.999988608525526,0.494832557746099
"AICA Ribonucleotide (1001)",-0.018961674536095,0.85100998019802,-1.23011537881585,0.219680155646004,0.683263462521311,-6.12837975592488,139,0.109840077823002,0.890159922176998,0.948999616277136,0.978049923781461
"AR-42 (272)",0.0316977294316827,0.601246608823529,1.28181792739561,0.200841151558054,0.683263462521311,-6.13143948668388,148,0.899579424220973,0.100420575779027,0.999988608525526,0.494664317726319
"rTRAIL (1261)",-0.0171641318243688,0.933633852071006,-1.24777925629759,0.213036605421841,0.683263462521311,-6.15245508410005,152,0.106518302710921,0.893481697289079,0.948999616277136,0.978049923781461
"GSK269962A (127)",0.0157661599058429,0.916583552238806,0.500656724335189,0.617563742574472,0.861615157786626,-6.15969635676978,48,0.691218128712764,0.308781871287236,0.999988608525526,0.734212189409868
"GSK650394 (177)",0.0248778704170011,0.866513850931677,1.22777401005739,0.220495215228515,0.683263462521311,-6.1676655847642,138,0.889752392385742,0.110247607614258,0.999988608525526,0.503762044401305
"BMS-345541 (203)",0.0170005163565401,0.858801395348837,1.26064434458082,0.208350550629937,0.683263462521311,-6.1682294354994,149,0.895824724685032,0.104175275314968,0.999988608525526,0.494832557746099
"Salubrinal (111)",0.00921459443821878,0.911425477272727,0.461535303412483,0.645296324006933,0.861615157786626,-6.17571775183216,47,0.677351837996534,0.322648162003466,0.999988608525526,0.734212189409868
"Cyclopamine (17)",-0.00518661471631207,0.96512393129771,-0.459738329478301,0.646589653274599,0.861615157786626,-6.17632904255314,47,0.3232948266373,0.6767051733627,0.999988608525526,0.958047625308054
"Epothilone B (201)",0.0396846923247891,0.658750472392638,1.21983618278839,0.223473388117872,0.683263462521311,-6.17952844481627,141,0.888263305941064,0.111736694058936,0.999988608525526,0.503762044401305
"PD173074 (1049)",-0.0120520689911435,0.955306924590164,-1.16170070107747,0.246333459998518,0.704566670533397,-6.18971772936049,144,0.123166729999259,0.876833270000741,0.948999616277136,0.978049923781461
"WH-4-023 (56)",-0.0269346778809939,0.849007430769231,-0.435518183667955,0.664026719346835,0.861615157786626,-6.20335394146802,46,0.332013359673418,0.667986640326582,0.999988608525526,0.958047625308054
"CHIR-99021 (1241)",0.00903068521077371,0.941948050746269,1.18513172437005,0.23686523120673,0.691859180403718,-6.22347821098735,153,0.881567384396635,0.118432615603365,0.999988608525526,0.513314875783403
"MG-132 (9)",-0.01105803,0.820216560606061,-0.312547297205685,0.755197097092124,0.895462028183772,-6.23388920024245,48,0.377598548546062,0.622401451453938,0.999988608525526,0.954593703372396
"PHA-665752 (6)",0.00310333637750566,0.971477919708029,0.354808926007895,0.723362316627234,0.886402578655186,-6.23953881267766,48,0.638318841686383,0.361681158313617,0.999988608525526,0.75248325887615
"THZ-2-102-1 (346)",0.0465909956428381,0.511386127218935,1.17899071220874,0.239289641342639,0.691859180403718,-6.2469737634376,147,0.88035517932868,0.11964482067132,0.999988608525526,0.513314875783403
"NPK76-II-72-1 (257)",0.0193964316625384,0.866256805232558,1.18567717324358,0.236624828074328,0.691859180403718,-6.25349666028528,150,0.881687585962836,0.118312414037164,0.999988608525526,0.513314875783403
"XMD8-85 (106)",-0.00530048156028389,0.882861435114504,-0.218198738780493,0.827668851780811,0.932880993956338,-6.25598914522284,47,0.413834425890406,0.586165574109594,0.999988608525526,0.919711150059521
"Sunitinib (5)",0.0124388209606987,0.846574984848485,0.286084990783054,0.775333583526973,0.900605821913427,-6.25607283262836,46,0.612333208236513,0.387666791763487,0.999988608525526,0.769547512008115
"CMK (64)",-0.00605786462882118,0.899127083333333,-0.23509815329284,0.814555417648681,0.932880993956338,-6.26902178968743,46,0.407277708824341,0.592722291175659,0.999988608525526,0.922012452939915
"BMS-754807 (184)",-0.0293953952108906,0.798558427244582,-1.1271331138406,0.260584802217409,0.729637446208746,-6.27163916917517,140,0.130292401108705,0.869707598891295,0.948999616277136,0.978049923781461
"AZ628 (29)",-0.00721947213981682,0.825563462686567,-0.128666333189633,0.897845055141009,0.965606067318699,-6.2735752427853,47,0.448922527570504,0.551077472429496,0.999988608525526,0.899304341510711
"Saracatinib (38)",0.00486345137093705,0.943093284671533,0.223236102200566,0.823735453000641,0.932880993956338,-6.27659321991782,48,0.588132273499679,0.411867726500321,0.999988608525526,0.79523891972769
"Pyrimethamine (71)",-0.0026607524506645,0.90008552238806,-0.0979417392202486,0.922148019094138,0.965606067318699,-6.27696576700412,48,0.461074009547069,0.538925990452931,0.999988608525526,0.892724643789477
"BI-2536 (60)",-0.00821552499413275,0.761467105263158,-0.181840031911687,0.856029218096434,0.951287775684133,-6.28002713251327,46,0.428014609048217,0.571985390951783,0.999988608525526,0.911066550857331
"GW843682X (87)",-0.00476390330908247,0.690256827067669,-0.0843374098293853,0.93293518534175,0.965606067318699,-6.29267852211754,46,0.466467592670875,0.533532407329125,0.999988608525526,0.892724643789477
"GNF-2 (52)",-0.000465426491994091,0.971185590909091,-0.0290879804245817,0.976845414627207,0.987154773684056,-6.29555225199424,46,0.488422707313604,0.511577292686396,0.999988608525526,0.877932644223106
"A-770041 (55)",0.0013828920441214,0.851202676691729,0.0254596679985677,0.979732557340567,0.987154773684056,-6.29583030301794,46,0.510133721329717,0.489866278670283,0.999988608525526,0.857265987672996
"BMS-509744 (63)",0.00021697723539086,0.90386445112782,0.0100650950050766,0.991986836139977,0.991986836139977,-6.29609694384271,46,0.504006581930012,0.495993418069988,0.999988608525526,0.862315354291614
"BIX02189 (279)",-0.0114088646754185,0.926603404069767,-1.14541439367858,0.252888897631153,0.715621774147732,-6.29994927294228,150,0.126444448815577,0.873555551184423,0.948999616277136,0.978049923781461
"Tubastatin A (265)",-0.00995118706699262,0.930151712609971,-1.1066877670066,0.269263555750604,0.746084435725632,-6.33890747069949,149,0.134631777875302,0.865368222124698,0.948999616277136,0.978049923781461
"SGC0946 (1264)",0.00283715921990411,0.979704385542169,1.06590265824351,0.28729788458547,0.747661874579527,-6.35015854641762,150,0.856351057707265,0.143648942292735,0.999988608525526,0.5890669314869
"Olaparib (1495)",0.00893478653458581,0.939311177710843,1.05484387059951,0.292318928407033,0.747661874579527,-6.35257656748052,150,0.853840535796483,0.146159464203517,0.999988608525526,0.5890669314869
"Gefitinib (1010)",-0.00989436654396994,0.952933718543046,-1.01023590801874,0.313252281144692,0.780011160573348,-6.36347222082601,139,0.156626140572346,0.843373859427654,0.948999616277136,0.978049923781461
"TPCA-1 (305)",0.0196564705930255,0.824746558139535,1.061326890982,0.289337471517634,0.747661874579527,-6.39182895572878,150,0.855331264241183,0.144668735758817,0.999988608525526,0.5890669314869
"PIK-93 (303)",0.023091855769423,0.781119889534884,1.05862633290431,0.290564199370674,0.747661874579527,-6.39466456382285,150,0.854717900314663,0.145282099685337,0.999988608525526,0.5890669314869
"Pelitinib (282)",-0.0261375435467283,0.845884319767442,-1.0565188615946,0.291523956546853,0.747661874579527,-6.39683618313648,151,0.145761978273426,0.854238021726574,0.948999616277136,0.978049923781461
"JQ12 (164)",0.0256726447059139,0.780712857142857,1.00482333469932,0.315774004818579,0.780011160573348,-6.41981342593832,145,0.84211299759071,0.15788700240929,0.999988608525526,0.623033992280644
"Thapsigargin (180)",0.0394990742077543,0.427247342679128,0.978250695107993,0.328741952040318,0.780011160573348,-6.4415971091461,140,0.835629023979841,0.164370976020159,0.999988608525526,0.623033992280644
"Vinorelbine  (140)",0.0264837812397101,0.702251624242424,0.970424541634321,0.332597093623502,0.780011160573348,-6.45428326813618,145,0.833701453188249,0.166298546811751,0.999988608525526,0.623033992280644
"XMD14-99 (253)",0.00566249246092187,0.964097755813954,0.993273504158677,0.32132317843059,0.780011160573348,-6.46106095657011,151,0.839338410784705,0.160661589215295,0.999988608525526,0.623033992280644
"SB216763 (1025)",-0.00405637075246142,0.97052917037037,-0.82953504617209,0.407597192640702,0.780011160573348,-6.47038785306879,129,0.203798596320351,0.796201403679649,0.948999616277136,0.978049923781461
"Avagacestat (205)",-0.00202899696225149,0.981089985465116,-0.978956783002276,0.328336926800463,0.780011160573348,-6.47505271927073,151,0.164168463400232,0.835831536599768,0.948999616277136,0.978049923781461
"JQ1 (163)",-0.0234173738388096,0.749093860606061,-0.948032511672183,0.343856834835669,0.780011160573348,-6.47556240385285,145,0.171928417417835,0.828071582582165,0.948999616277136,0.978049923781461
"VX-11e (262)",0.0163965267951754,0.902993406976744,0.972793339085687,0.331386880982286,0.780011160573348,-6.48105040693345,150,0.834306559508857,0.165693440491143,0.999988608525526,0.623033992280644
"JQ1 (1218)",-0.00995641964074565,0.952794211309524,-0.934984321108819,0.35051552394919,0.780011160573348,-6.4873801196751,154,0.175257761974595,0.824742238025405,0.948999616277136,0.978049923781461
"QS11 (151)",0.0125457760573975,0.906005944785276,0.916378865060346,0.360195283125162,0.780011160573348,-6.50035051476324,141,0.819902358437419,0.180097641562581,0.999988608525526,0.651634809781712
"AZD6482 (156)",-0.0169986356928429,0.874051643292683,-0.917926213227855,0.359381118175968,0.780011160573348,-6.5025710813239,145,0.179690559087984,0.820309440912016,0.948999616277136,0.978049923781461
"Luminespib (194)",0.0247882492478128,0.651542897196262,0.903688346346441,0.366886457733234,0.780011160573348,-6.5078944804904,139,0.816556771133383,0.183443228866617,0.999988608525526,0.651634809781712
"Motesanib (1029)",-0.00417486444316958,0.96906577124183,-0.831870479944234,0.406179229752716,0.780011160573348,-6.51489433652246,144,0.203089614876358,0.796910385123642,0.948999616277136,0.978049923781461
"Rucaparib (1175)",0.00575285644500881,0.959103859701493,0.909477717933935,0.363798455029793,0.780011160573348,-6.51718748140821,147,0.818100772485104,0.181899227514896,0.999988608525526,0.651634809781712
"Shikonin (170)",0.0251398470948166,0.508705396969697,0.902564136182506,0.36746323859871,0.780011160573348,-6.51725125620366,145,0.816268380700645,0.183731619299355,0.999988608525526,0.651634809781712
"Cisplatin (1005)",0.00948814043644064,0.898968078175896,0.850977480425708,0.395494500785986,0.780011160573348,-6.52371817454943,142,0.802252749607007,0.197747250392993,0.999988608525526,0.653911819373417
"QL-X-138 (331)",-0.0215376757644485,0.727775383480826,-0.880235902836899,0.379398970191025,0.780011160573348,-6.54942645519437,146,0.189699485095513,0.810300514904488,0.948999616277136,0.978049923781461
"HG-5-113-01 (1142)",0.007581656330083,0.768693142857143,0.389125965546264,0.697725042549457,0.871337377080543,-6.55213636903261,81,0.651137478725272,0.348862521274728,0.999988608525526,0.742379445272622
"FMK (231)",-0.00428201473591518,0.967164626229508,-0.82096689148553,0.412354420816818,0.780011160573348,-6.55507410491414,128,0.206177210408409,0.793822789591591,0.948999616277136,0.978049923781461
"Embelin (172)",0.013607088775821,0.786954969325153,0.841552158388225,0.400700815370331,0.780011160573348,-6.56553452696291,141,0.799649592314834,0.200350407685166,0.999988608525526,0.653911819373417
"ZG-10 (1161)",-0.00776017090166247,0.759715137142857,-0.336735983669549,0.736778257191416,0.888123633724981,-6.57092936993718,81,0.368389128595708,0.631610871404292,0.999988608525526,0.954593703372396
"Vorinostat (1012)",0.013522903785354,0.707126114006515,0.791058492459012,0.429566043313491,0.780011160573348,-6.5724600482249,142,0.785216978343255,0.214783021656746,0.999988608525526,0.653911819373417
"IOX2 (1230)",0.00572628003320711,0.973504883040936,0.84368647773399,0.399475435513755,0.780011160573348,-6.57451312458985,155,0.800262282243123,0.199737717756877,0.999988608525526,0.653911819373417
"Linifanib (277)",0.0105303089842122,0.967844066860465,0.863331356783414,0.388598479483452,0.780011160573348,-6.58064836355793,151,0.805700760258274,0.194299239741726,0.999988608525526,0.653911819373417
"MK-2206 (1053)",0.0160072486392268,0.84041906440678,0.720028017167735,0.472122152095658,0.794838559857247,-6.58260951293046,140,0.763938923952171,0.236061076047829,0.999988608525526,0.682524415529592
"Methotrexate (1008)",0.0130750467903242,0.89588968627451,0.775150127502056,0.438894282434582,0.780011160573348,-6.58479117932243,141,0.780552858782709,0.219447141217291,0.999988608525526,0.653911819373417
"QL-VIII-58 (1166)",0.0104842786540299,0.395836642045455,0.291323622826405,0.771196585847657,0.900605821913427,-6.58541739563407,82,0.614401707076171,0.385598292923829,0.999988608525526,0.769547512008115
"RO-3306 (1052)",0.00550693352312858,0.954851359477124,0.735577448410956,0.462593427902243,0.794838559857247,-6.58964291421061,144,0.768703286048878,0.231296713951122,0.999988608525526,0.676098086934047
"XAV939 (1268)",-0.0058362798540914,0.955393504451039,-0.808779486568901,0.419252992528523,0.780011160573348,-6.59942153695898,151,0.209626496264261,0.790373503735739,0.948999616277136,0.978049923781461
"Tamoxifen (1199)",-0.0051446405031097,0.966569435672515,-0.81907084755228,0.413356124762652,0.780011160573348,-6.5998556351741,155,0.206678062381326,0.793321937618674,0.948999616277136,0.978049923781461
"I-BET-762 (275)",0.0132881246661977,0.854254475073314,0.834778609876813,0.404467670171768,0.780011160573348,-6.60048939729272,149,0.797766164914116,0.202233835085884,0.999988608525526,0.653911819373417
"AKT inhibitor VIII (171)",-0.00759755158528845,0.932139145454545,-0.801998665672004,0.423172657966982,0.780011160573348,-6.60221668280369,145,0.211586328983491,0.788413671016509,0.948999616277136,0.978049923781461
"XMD15-27 (332)",-0.00346332239648181,0.972525994186046,-0.836241355921061,0.403639828408789,0.780011160573348,-6.60348119971597,151,0.201819914204395,0.798180085795605,0.948999616277136,0.978049923781461
"MPS-1-IN-1 (294)",0.00997432311940251,0.893611465116279,0.831110612984595,0.406527555341644,0.780011160573348,-6.60776043054873,150,0.796736222329178,0.203263777670822,0.999988608525526,0.653911819373417
"CP724714 (255)",-0.00662617742922392,0.96014525,-0.828962668960955,0.40774014814991,0.780011160573348,-6.60949253719422,151,0.203870074074955,0.796129925925045,0.948999616277136,0.978049923781461
"XMD11-85h (1158)",0.000858787933567808,0.947495828571429,0.097647109368292,0.922340562865263,0.965606067318699,-6.61829731779018,81,0.538829718567368,0.461170281432631,0.999988608525526,0.84180945012989
"XMD8-92 (1164)",-0.00105536339106826,0.908922268571429,-0.0894225479006611,0.928863278515164,0.965606067318699,-6.61905818127751,81,0.464431639257582,0.535568360742418,0.999988608525526,0.892724643789477
"Temozolomide (1375)",-0.00277176015990328,0.973378948948949,-0.76847574379381,0.44278829040066,0.780011160573348,-6.62183909389956,151,0.22139414520033,0.77860585479967,0.948999616277136,0.978049923781461
"Amuvatinib (293)",0.0184726760590598,0.873351604651163,0.812212016894676,0.417270575687887,0.780011160573348,-6.62312781732824,151,0.791364712156056,0.208635287843944,0.999988608525526,0.653911819373417
"NVP-BHG712 (295)",0.0151926085654835,0.869830194767442,0.801386452289621,0.423499452030606,0.780011160573348,-6.63182894500707,150,0.788250273984697,0.211749726015303,0.999988608525526,0.653911819373417
"FTI-277 (166)",-0.00315564165249046,0.969575775075988,-0.757778917556011,0.449165166065629,0.78603904061485,-6.63608595667591,145,0.224582583032814,0.775417416967186,0.948999616277136,0.978049923781461
"Y-39983 (309)",0.00994890085839828,0.922981319767442,0.784904127017188,0.433087397635479,0.780011160573348,-6.64479892345647,150,0.78345630118226,0.21654369881774,0.999988608525526,0.653911819373417
"NU7441 (1038)",-0.00404994984443989,0.953590578947368,-0.646390410358387,0.518550940864099,0.822345834527901,-6.64777544525812,143,0.259275470432049,0.740724529567951,0.954031034096539,0.978049923781461
"Fedratinib (306)",-0.0133273981701046,0.818936177325581,-0.780603376691944,0.435609793089982,0.780011160573348,-6.6481025990007,151,0.217804896544991,0.782195103455009,0.948999616277136,0.978049923781461
"JW-7-24-1 (256)",-0.0150188375743721,0.747457927325581,-0.779291408848342,0.4363809552323,0.780011160573348,-6.64911787601446,151,0.21819047761615,0.78180952238385,0.948999616277136,0.978049923781461
"Palbociclib (1054)",0.0126101273887272,0.858209272108844,0.612122787554939,0.54096654416346,0.835082129990939,-6.64915589438493,139,0.72951672791827,0.27048327208173,0.999988608525526,0.722346042442162
"Idelalisib (238)",-0.0112264826432898,0.920188113372093,-0.782833559924599,0.434300726571925,0.780011160573348,-6.651919082261,149,0.217150363285963,0.782849636714037,0.948999616277136,0.978049923781461
"GSK1904529A (202)",-0.00228030354638984,0.973696349693252,-0.728734477162341,0.466725648881162,0.794838559857247,-6.65336820503678,141,0.233362824440581,0.766637175559419,0.948999616277136,0.978049923781461
"PHA-793887 (301)",0.0203222502744951,0.789355,0.768933845647763,0.442496719876749,0.780011160573348,-6.65707342379607,151,0.778751640061626,0.221248359938374,0.999988608525526,0.653911819373417
"Pictilisib (1058)",0.0157803802037786,0.802199171617162,0.614079133964135,0.539658621001578,0.835082129990939,-6.6631129652334,142,0.730170689499211,0.269829310500789,0.999988608525526,0.722346042442162
"PFI-1 (1219)",-0.00910244203862916,0.872373638483965,-0.740323913370586,0.459645106636059,0.794838559857247,-6.66395129988942,156,0.229822553318029,0.770177446681971,0.948999616277136,0.978049923781461
"Obatoclax Mesylate (182)",0.0240442689003981,0.380864489164087,0.685482262794577,0.493567744670878,0.80897772392431,-6.67843144684567,140,0.753216127664561,0.246783872335439,0.999988608525526,0.69099484253923
"Serdemetan (1133)",0.00794857953177835,0.886657859281437,0.704849388083297,0.481430289970364,0.800377857075729,-6.68068600688375,147,0.759284855014818,0.240715144985182,0.999988608525526,0.688497081355466
"UNC1215 (1262)",-0.00101496130319871,0.98110593993994,-0.682031790636599,0.495726951126551,0.80897772392431,-6.6840203483292,151,0.247863475563275,0.752136524436725,0.954031034096539,0.978049923781461
"Alectinib (281)",-0.00816159939672045,0.962003208211144,-0.723506283826861,0.469899570383961,0.794838559857247,-6.68732715366713,150,0.23494978519198,0.76505021480802,0.948999616277136,0.978049923781461
"GSK429286A (230)",0.00818204665324855,0.944980976744186,0.696098499877784,0.486869733344596,0.804393472482376,-6.71557427506021,149,0.756565133327702,0.243434866672298,0.999988608525526,0.68886887803012
"Doramapimod (1042)",-0.00256223251239292,0.963780933110368,-0.479499590935861,0.631960652162276,0.861615157786626,-6.73001128819691,139,0.315980326081138,0.684019673918862,0.999988608525526,0.958047625308054
"CI-1040 (1015)",0.0130638264520259,0.825372218954248,0.553807642138038,0.5801451772975,0.852647216174838,-6.73064222769102,142,0.70992741135125,0.29007258864875,0.999988608525526,0.734212189409868
"WZ3105 (252)",-0.0148420435169078,0.792938659883721,-0.659886386311663,0.509798885284029,0.821857596882132,-6.73439279903935,151,0.254899442642015,0.745100557357985,0.954031034096539,0.978049923781461
"SL0101 (1039)",-0.00173226909529088,0.974201171052632,-0.474930285214231,0.635203351094785,0.861615157786626,-6.74602526371303,143,0.317601675547393,0.682398324452607,0.999988608525526,0.958047625308054
"KIN001-260 (290)",-0.0052247390234438,0.943711686046512,-0.64010563679371,0.52255953705315,0.822345834527901,-6.74719374052856,150,0.261279768526575,0.738720231473425,0.954031034096539,0.978049923781461
"Refametinib (1014)",0.0125037807001978,0.806128847682119,0.442238546149367,0.65865713193618,0.861615157786626,-6.75218329403543,141,0.67067143403191,0.32932856596809,0.999988608525526,0.735356661554079
"CP466722 (152)",0.00996191972484023,0.810743408163265,0.635494136909421,0.525559367931365,0.822345834527901,-6.75563248790459,149,0.737220316034317,0.262779683965683,0.999988608525526,0.72061232922548
"Quizartinib (254)",0.00661334845293114,0.964753601744186,0.608753670107277,0.543117325144483,0.835082129990939,-6.76659477726586,151,0.728441337427759,0.271558662572241,0.999988608525526,0.722346042442162
"AZD7762 (1022)",0.0110841870232721,0.707062592833876,0.482695182382258,0.629681814477884,0.861615157786626,-6.76721106194843,142,0.685159092761058,0.314840907238942,0.999988608525526,0.734212189409868
"Axitinib (1021)",0.00655488844060682,0.93002793485342,0.478942905760053,0.632345590762892,0.861615157786626,-6.76900142883542,142,0.683827204618554,0.316172795381446,0.999988608525526,0.734212189409868
"Lenalidomide (1020)",-0.00213877679155933,0.973690374592834,-0.471978709618062,0.637302250080207,0.861615157786626,-6.77228736480406,142,0.318651125040104,0.681348874959896,0.999988608525526,0.958047625308054
"Cetuximab (1114)",0.00535643084502698,0.952143719626168,0.490661439958808,0.624026169384869,0.861615157786626,-6.7725502615485,147,0.687986915307565,0.312013084692435,0.999988608525526,0.734212189409868
"BMS-536924 (1091)",-0.00758173661147327,0.902269294117647,-0.56720855052805,0.570973042969196,0.852647216174838,-6.77307108819061,154,0.285486521484598,0.714513478515402,0.999988608525526,0.978049923781461
"GSK1070916 (226)",0.0165913319886253,0.842089922619048,0.569971984572073,0.569104651117635,0.852647216174838,-6.77626164822635,143,0.715447674441183,0.284552325558817,0.999988608525526,0.733899187509098
"QL-XII-47 (235)",0.0167772240628988,0.716359143274854,0.597326785587362,0.550712035450284,0.8386142788171,-6.77834477380341,148,0.724643982274858,0.275356017725142,0.999988608525526,0.725195056583047
"Ruxolitinib (206)",-0.00502860402867784,0.972930918604651,-0.595811767236689,0.551719920274408,0.8386142788171,-6.77989368997347,149,0.275859960137204,0.724140039862796,0.991604721574274,0.978049923781461
"Sepantronium bromide (268)",0.021232657958979,0.226663568452381,0.562942617688577,0.573876056398091,0.852647216174838,-6.7816340520505,147,0.713061971800954,0.286938028199046,0.999988608525526,0.733899187509098
"UNC0638 (1236)",-0.00797682675432289,0.856686862573099,-0.553680173846189,0.580184759878367,0.852647216174838,-6.78209752583518,155,0.290092379939184,0.709907620060817,0.999988608525526,0.978049923781461
"YM201636 (310)",0.00678878727223042,0.889078607558139,0.566489433231085,0.571456095927637,0.852647216174838,-6.79129305147733,150,0.714271952036182,0.285728047963818,0.999988608525526,0.733899187509098
"Bosutinib (1019)",0.00555133261757861,0.916823631921824,0.414927131525852,0.678506644908562,0.867623972328982,-6.79739654116776,142,0.660746677545719,0.339253322454281,0.999988608525526,0.739683473547858
"Trametinib (1372)",-0.0177184103663465,0.701583381538462,-0.445300482056066,0.656420894807721,0.861615157786626,-6.802731709089,147,0.328210447403861,0.671789552596139,0.999988608525526,0.958047625308054
"GW441756 (1023)",-0.00461334657926994,0.950135537459283,-0.401668849576686,0.688228038200809,0.867623972328982,-6.80276969054969,142,0.344114019100404,0.655885980899596,0.999988608525526,0.958047625308054
"Dacinostat (200)",-0.0119181882448299,0.490251490797546,-0.461179258988183,0.645000100715023,0.861615157786626,-6.81134417214242,141,0.322500050357512,0.677499949642488,0.999988608525526,0.958047625308054
"Afatinib (1032)",-0.00589817903442362,0.928975444444444,-0.365838855464461,0.714756997832974,0.886402578655186,-6.81640535280664,141,0.357378498916487,0.642621501083513,0.999988608525526,0.958047625308054
"Cabozantinib (249)",0.00658650443464848,0.917769738372093,0.513178327106013,0.608178805208075,0.861615157786626,-6.81987581786709,150,0.695910597395962,0.304089402604038,0.999988608525526,0.734212189409868
"KIN001-270 (345)",0.00232489458745872,0.962182520348837,0.504813168208927,0.614035679202036,0.861615157786626,-6.82410503261816,150,0.692982160398982,0.307017839601018,0.999988608525526,0.734212189409868
"BX-912 (222)",0.0113875664101522,0.83316639244186,0.512272687358064,0.608811681298984,0.861615157786626,-6.82586426100738,149,0.695594159350508,0.304405840649492,0.999988608525526,0.734212189409868
"NSC-207895 (269)",0.00666826052036757,0.902565197058824,0.49054678352597,0.624085654764587,0.861615157786626,-6.82639208741713,148,0.687957172617706,0.312042827382294,0.999988608525526,0.734212189409868
"SB505124 (1194)",0.00231302467414584,0.962733184210526,0.459920483071523,0.645885910984621,0.861615157786626,-6.82778415418711,155,0.67705704450769,0.32294295549231,0.999988608525526,0.734212189409868
"EHT-1864 (1069)",0.00243939876065282,0.944258912386707,0.401852139828156,0.688070912205738,0.867623972328982,-6.82953252273562,149,0.655964543897131,0.344035456102869,0.999988608525526,0.742379445272622
"Olaparib (1017)",-0.00229673527274703,0.962322762214984,-0.327200562390344,0.743755797039558,0.891166855912263,-6.82971018004926,142,0.371877898519779,0.628122101480221,0.999988608525526,0.954593703372396
"Selumetinib (1498)",-0.0100564749591517,0.847011688622754,-0.406134977767856,0.684922097995447,0.867623972328982,-6.83290335283193,153,0.342461048997723,0.657538951002277,0.999988608525526,0.958047625308054
"PAC-1 (175)",-0.00389220104508321,0.922806021671827,-0.356488812461149,0.721724530372485,0.886402578655186,-6.84025621771206,138,0.360862265186242,0.639137734813758,0.999988608525526,0.958047625308054
"ZSTK474 (223)",-0.0122721443457393,0.738028918367347,-0.480273238624471,0.631360535274208,0.861615157786626,-6.84163921552819,148,0.315680267637104,0.684319732362896,0.999988608525526,0.958047625308054
"NG-25 (260)",0.00945140062773977,0.851221037790698,0.46424976917218,0.642782809405682,0.861615157786626,-6.84362864893198,150,0.678608595297159,0.321391404702841,0.999988608525526,0.734212189409868
"AS605240 (224)",-0.0114365824471615,0.808046281524927,-0.45586317257919,0.648798824579715,0.861615157786626,-6.84382456341944,148,0.324399412289857,0.675600587710143,0.999988608525526,0.958047625308054
"TL-2-105 (211)",0.00614178942449203,0.930087790697674,0.473353844197225,0.636281786997654,0.861615157786626,-6.84491793538961,149,0.681859106501173,0.318140893498827,0.999988608525526,0.734212189409868
"PD0325901 (1060)",-0.000382228055748681,0.841243544554455,-0.013881967238055,0.988933974522383,0.991986836139977,-6.85002563275302,142,0.494466987261192,0.505533012738808,0.999988608525526,0.87319338563976
"THZ-2-49 (344)",0.0123109394540645,0.749342559766764,0.446901478459265,0.655247840261202,0.861615157786626,-6.85147939505205,150,0.672376079869399,0.327623920130601,0.999988608525526,0.735356661554079
"Navitoclax (1011)",0.00218443657198648,0.861189950980392,0.0933837559115634,0.925664375778573,0.965606067318699,-6.85360483864534,144,0.537167812110714,0.462832187889286,0.999988608525526,0.84180945012989
"Pictilisib (1527)",-0.00747980612906453,0.777717510703364,-0.334971379736514,0.737877154335417,0.888123633724981,-6.85628290700248,150,0.368938577167708,0.631061422832292,0.999988608525526,0.954593703372396
"QL-XI-92 (329)",0.00424902923118646,0.932616058139535,0.435516399360513,0.66347969463526,0.861615157786626,-6.85643413810587,151,0.66826015268237,0.33173984731763,0.999988608525526,0.735356661554079
"Nilotinib (1013)",0.00251640015597877,0.954378959731544,0.133479666502894,0.89391106756488,0.965606067318699,-6.85704289759185,140,0.55304446621756,0.44695553378244,0.999988608525526,0.84180945012989
"WHI-P97 (288)",0.00321976270130116,0.951572043604651,0.425986733408203,0.670402375596137,0.865665203439672,-6.86054897385231,150,0.664798812201931,0.335201187798069,0.999988608525526,0.736888561605671
"PLX-4720 (1371)",0.00278024680435532,0.953276940652819,0.353764332289483,0.723752387270007,0.886402578655186,-6.86154408793637,152,0.638123806364997,0.361876193635003,0.999988608525526,0.75248325887615
"Tretinoin (1009)",-0.00185168541476016,0.940063496710526,-0.114186357255644,0.909171117450317,0.965606067318699,-6.86933642273339,140,0.454585558725159,0.545414441274841,0.999988608525526,0.895557045550048
"GSK690693 (326)",-0.00998581120426054,0.882937239067055,-0.40398138065956,0.68649566079251,0.867623972328982,-6.86958464583074,150,0.343247830396255,0.656752169603745,0.999988608525526,0.958047625308054
"OSI-930 (298)",0.00413096712925791,0.947975921511628,0.395610773877449,0.692654403660795,0.86908524232911,-6.87291044136013,151,0.653672798169603,0.346327201830397,0.999988608525526,0.742379445272622
"AZD6482 (1066)",-0.00295703708501419,0.884165130434783,-0.178686292686294,0.858304760015759,0.951287775684133,-6.87392582801629,145,0.42915238000788,0.57084761999212,0.999988608525526,0.911066550857331
"PF-4708671 (1129)",-0.00234533511071403,0.945669090634441,-0.309118794961994,0.757439685493792,0.895462028183772,-6.87598126208069,144,0.378719842746896,0.621280157253104,0.999988608525526,0.954593703372396
"AT-7519 (219)",0.0101021941686197,0.67094115497076,0.345624572927184,0.729852183421228,0.886487126895191,-6.88533183464521,147,0.635073908289386,0.364926091710614,0.999988608525526,0.75248325887615
"Tivozanib (312)",0.0026429553733928,0.973832180232558,0.350156708619743,0.726450233634701,0.886402578655186,-6.88975191151139,151,0.636774883182649,0.363225116817351,0.999988608525526,0.75248325887615
"Refametinib (1526)",-0.00366027124642903,0.831046294117647,-0.153596832957119,0.878030658316596,0.965606067318699,-6.89143838077381,147,0.439015329158298,0.560984670841702,0.999988608525526,0.904375287538744
"HG6-64-1 (159)",0.00615438160002183,0.757405866261398,0.23144783286986,0.817121240293307,0.932880993956338,-6.89474097469946,145,0.591439379853346,0.408560620146654,0.999988608525526,0.79523891972769
"KIN001-266 (291)",0.00321295116832257,0.880258372093023,0.314860587732536,0.75307162438204,0.895462028183772,-6.90145130613051,150,0.62346418780898,0.37653581219102,0.999988608525526,0.769547512008115
"Afatinib (1377)",-0.00323659817168199,0.897952224550898,-0.145683983361506,0.884265028906373,0.965606067318699,-6.90476952585257,151,0.442132514453187,0.557867485546813,0.999988608525526,0.904375287538744
"KIN001-244 (287)",0.0045914012646289,0.858412177325581,0.296053041972585,0.767380587791238,0.900605821913427,-6.90716055424758,150,0.616309706104381,0.383690293895619,0.999988608525526,0.769547512008115
"GW-2580 (193)",0.00203091483096551,0.975681311046512,0.288190379832106,0.773386593537833,0.900605821913427,-6.90940661437303,151,0.613306703231083,0.386693296768916,0.999988608525526,0.769547512008115
"AS601245 (207)",0.00103549417187831,0.857464267692308,0.0794208462287325,0.936750365558072,0.965796888521114,-6.91383976595978,141,0.531624817220964,0.468375182779036,0.999988608525526,0.84180945012989
"FH535 (173)",0.00129210621453148,0.674578427692308,0.0573169744655304,0.954330514573633,0.976353526448409,-6.91500767155662,141,0.522834742713183,0.477165257286817,0.999988608525526,0.844675997326064
"PF-562271 (158)",0.000885750092699673,0.917460126934985,0.0986422639423711,0.92148781598356,0.965606067318699,-6.91549507162977,144,0.53925609200822,0.46074390799178,0.999988608525526,0.84180945012989
"Ponatinib (155)",0.00207786586285564,0.897709975683891,0.0980484006844112,0.921957905396532,0.965606067318699,-6.91667287616224,144,0.539021047301734,0.460978952698266,0.999988608525526,0.84180945012989
"DMOG (165)",-0.00240942349373479,0.603094200607903,-0.0849392484122527,0.93236510565146,0.965606067318699,-6.91776916812426,145,0.46618255282573,0.53381744717427,0.999988608525526,0.892724643789477
"AKT inhibitor VIII (228)",0.00434534343973136,0.831945657894737,0.24832678890563,0.804041003704774,0.929890899936826,-6.92011666230165,149,0.597979498147613,0.402020501852387,0.999988608525526,0.79212928513137
"STF-62247 (258)",-0.00107886277544584,0.965504146627566,-0.222034343239223,0.824429357066778,0.932880993956338,-6.92195753870647,149,0.412214678533389,0.587785321466611,0.999988608525526,0.919711150059521
"KIN001-236 (286)",0.000910732189473785,0.963904659883721,0.221125341319962,0.825135119717453,0.932880993956338,-6.92641734689184,150,0.587432440141273,0.412567559858727,0.999988608525526,0.79523891972769
"Piperlongumine (1243)",-0.00119906876076884,0.786519614035088,-0.101353570050877,0.919333325939055,0.965606067318699,-6.92775016380918,155,0.459666662969527,0.540333337030473,0.999988608525526,0.892724643789477
"PI-103 (302)",0.00448671215354119,0.630791114369501,0.123505168601328,0.901784932515732,0.965606067318699,-6.92807792033433,149,0.549107533742134,0.450892466257866,0.999988608525526,0.84180945012989
"Omipalisib (283)",-0.00560590167502717,0.69627586627907,-0.193973282007833,0.846319224040656,0.94987727255196,-6.9319820374253,151,0.423159612020328,0.576840387979672,0.999988608525526,0.913330614301147
"XMD13-2 (330)",0.00193836821437933,0.915681773255814,0.184115847878261,0.854038573250284,0.951287775684133,-6.93383430295689,151,0.572980713374858,0.427019286625142,0.999988608525526,0.81717359886538
"UNC0638 (245)",0.00173881930958334,0.782907457478006,0.103050130689444,0.917987994858134,0.965606067318699,-6.94118037551722,149,0.541006002570933,0.458993997429067,0.999988608525526,0.84180945012989
"OSI-027 (299)",-0.00154530704728166,0.575283956140351,-0.0426508192069601,0.966006508810209,0.98075469978441,-6.94156112655049,150,0.483003254405104,0.516996745594896,0.999988608525526,0.881545732873348
"TL-1-85 (261)",0.00113913562728256,0.890532796511628,0.0644081830014325,0.948685217051346,0.974325358052734,-6.94865718890354,150,0.525657391474327,0.474342608525673,0.999988608525526,0.844675997326064
"T0901317 (333)",0.000547357660742365,0.959185524781341,0.0514574401906935,0.958993049595756,0.977364563955828,-6.94932042295649,150,0.520503475202122,0.479496524797878,0.999988608525526,0.844675997326064
"Enzastaurin (229)",0.00207614478984572,0.828494895348837,0.0873567847737242,0.930442267653876,0.965606067318699,-6.95246601165747,149,0.534778866173062,0.465221133826938,0.999988608525526,0.84180945012989
